seats,available,passenger,flightNumber
,,,
A0,False,matthieu bidanel,FR092110
B0,False,adrien lecornec,FR092110
C0,False,rené louis,FR092110
A1,True,,FR092110
B1,True,,FR092110
C1,True,,FR092110
A2,True,,FR092110
B2,True,,FR092110
C2,True,,FR092110
A3,True,,FR092110
B3,True,,FR092110
C3,True,,FR092110
A4,True,,FR092110
B4,True,,FR092110
C4,True,,FR092110
A5,True,,FR092110
B5,True,,FR092110
C5,True,,FR092110
A6,True,,FR092110
B6,True,,FR092110
C6,True,,FR092110
A7,True,,FR092110
B7,True,,FR092110
C7,True,,FR092110
A8,True,,FR092110
B8,True,,FR092110
C8,True,,FR092110
A9,True,,FR092110
B9,True,,FR092110
C9,True,,FR092110
A0,False,adrien lecornec,UK091120
B0,False,rené louis,UK091120
C0,False,matthieu bidanel,UK091120
D0,True,,UK091120
E0,True,,UK091120
F0,True,,UK091120
G0,True,,UK091120
H0,True,,UK091120
A1,True,,UK091120
B1,True,,UK091120
C1,True,,UK091120
D1,True,,UK091120
E1,True,,UK091120
F1,True,,UK091120
G1,True,,UK091120
H1,True,,UK091120
A2,False,max verstappen,UK091120
B2,True,,UK091120
C2,True,,UK091120
D2,True,,UK091120
E2,True,,UK091120
F2,True,,UK091120
G2,True,,UK091120
H2,True,,UK091120
A3,True,,UK091120
B3,True,,UK091120
C3,True,,UK091120
D3,True,,UK091120
E3,True,,UK091120
F3,True,,UK091120
G3,True,,UK091120
H3,True,,UK091120
A4,True,,UK091120
B4,True,,UK091120
C4,True,,UK091120
D4,True,,UK091120
E4,True,,UK091120
F4,True,,UK091120
G4,True,,UK091120
H4,True,,UK091120
A5,True,,UK091120
B5,True,,UK091120
C5,True,,UK091120
D5,True,,UK091120
E5,True,,UK091120
F5,True,,UK091120
G5,True,,UK091120
H5,True,,UK091120
A6,True,,UK091120
B6,True,,UK091120
C6,True,,UK091120
D6,True,,UK091120
E6,True,,UK091120
F6,True,,UK091120
G6,True,,UK091120
H6,True,,UK091120
A7,True,,UK091120
B7,True,,UK091120
C7,True,,UK091120
D7,True,,UK091120
E7,True,,UK091120
F7,True,,UK091120
G7,True,,UK091120
H7,True,,UK091120
A8,True,,UK091120
B8,True,,UK091120
C8,True,,UK091120
D8,True,,UK091120
E8,True,,UK091120
F8,True,,UK091120
G8,True,,UK091120
H8,True,,UK091120
A9,True,,UK091120
B9,True,,UK091120
C9,True,,UK091120
D9,True,,UK091120
E9,True,,UK091120
F9,True,,UK091120
G9,True,,UK091120
H9,True,,UK091120
A10,True,,UK091120
B10,True,,UK091120
C10,True,,UK091120
D10,True,,UK091120
E10,True,,UK091120
F10,True,,UK091120
G10,True,,UK091120
H10,True,,UK091120
A11,True,,UK091120
B11,True,,UK091120
C11,True,,UK091120
D11,True,,UK091120
E11,True,,UK091120
F11,True,,UK091120
G11,True,,UK091120
H11,True,,UK091120
A12,True,,UK091120
B12,True,,UK091120
C12,True,,UK091120
D12,True,,UK091120
E12,True,,UK091120
F12,True,,UK091120
G12,True,,UK091120
H12,True,,UK091120
A13,True,,UK091120
B13,True,,UK091120
C13,True,,UK091120
D13,True,,UK091120
E13,True,,UK091120
F13,True,,UK091120
G13,True,,UK091120
H13,True,,UK091120
A14,True,,UK091120
B14,True,,UK091120
C14,True,,UK091120
D14,True,,UK091120
E14,True,,UK091120
F14,True,,UK091120
G14,True,,UK091120
H14,True,,UK091120
A15,True,,UK091120
B15,True,,UK091120
C15,True,,UK091120
D15,True,,UK091120
E15,True,,UK091120
F15,True,,UK091120
G15,True,,UK091120
H15,True,,UK091120
A16,True,,UK091120
B16,True,,UK091120
C16,True,,UK091120
D16,True,,UK091120
E16,True,,UK091120
F16,True,,UK091120
G16,True,,UK091120
H16,True,,UK091120
A17,True,,UK091120
B17,True,,UK091120
C17,True,,UK091120
D17,True,,UK091120
E17,True,,UK091120
F17,True,,UK091120
G17,True,,UK091120
H17,True,,UK091120
A18,True,,UK091120
B18,True,,UK091120
C18,True,,UK091120
D18,True,,UK091120
E18,True,,UK091120
F18,True,,UK091120
G18,True,,UK091120
H18,True,,UK091120
A19,True,,UK091120
B19,True,,UK091120
C19,True,,UK091120
D19,True,,UK091120
E19,True,,UK091120
F19,True,,UK091120
G19,True,,UK091120
H19,True,,UK091120
A20,True,,UK091120
B20,True,,UK091120
C20,True,,UK091120
D20,True,,UK091120
E20,True,,UK091120
F20,True,,UK091120
G20,True,,UK091120
H20,True,,UK091120
A21,True,,UK091120
B21,True,,UK091120
C21,True,,UK091120
D21,True,,UK091120
E21,True,,UK091120
F21,True,,UK091120
G21,True,,UK091120
H21,True,,UK091120
A22,True,,UK091120
B22,True,,UK091120
C22,True,,UK091120
D22,True,,UK091120
E22,True,,UK091120
F22,True,,UK091120
G22,True,,UK091120
H22,True,,UK091120
A23,True,,UK091120
B23,True,,UK091120
C23,True,,UK091120
D23,True,,UK091120
E23,True,,UK091120
F23,True,,UK091120
G23,True,,UK091120
H23,True,,UK091120
A24,True,,UK091120
B24,True,,UK091120
C24,True,,UK091120
D24,True,,UK091120
E24,True,,UK091120
F24,True,,UK091120
G24,True,,UK091120
H24,True,,UK091120
A25,True,,UK091120
B25,True,,UK091120
C25,True,,UK091120
D25,True,,UK091120
E25,True,,UK091120
F25,True,,UK091120
G25,True,,UK091120
H25,True,,UK091120
A26,True,,UK091120
B26,True,,UK091120
C26,True,,UK091120
D26,True,,UK091120
E26,True,,UK091120
F26,True,,UK091120
G26,True,,UK091120
H26,True,,UK091120
A27,True,,UK091120
B27,True,,UK091120
C27,True,,UK091120
D27,True,,UK091120
E27,True,,UK091120
F27,True,,UK091120
G27,True,,UK091120
H27,True,,UK091120
A28,True,,UK091120
B28,True,,UK091120
C28,True,,UK091120
D28,True,,UK091120
E28,True,,UK091120
F28,True,,UK091120
G28,True,,UK091120
H28,True,,UK091120
A29,True,,UK091120
B29,True,,UK091120
C29,True,,UK091120
D29,True,,UK091120
E29,True,,UK091120
F29,True,,UK091120
G29,True,,UK091120
H29,True,,UK091120
A30,True,,UK091120
B30,True,,UK091120
C30,True,,UK091120
D30,True,,UK091120
E30,True,,UK091120
F30,True,,UK091120
G30,True,,UK091120
H30,True,,UK091120
A31,True,,UK091120
B31,True,,UK091120
C31,True,,UK091120
D31,True,,UK091120
E31,True,,UK091120
F31,True,,UK091120
G31,True,,UK091120
H31,True,,UK091120
A32,True,,UK091120
B32,True,,UK091120
C32,True,,UK091120
D32,True,,UK091120
E32,True,,UK091120
F32,True,,UK091120
G32,True,,UK091120
H32,True,,UK091120
A33,True,,UK091120
B33,True,,UK091120
C33,True,,UK091120
D33,True,,UK091120
E33,True,,UK091120
F33,True,,UK091120
G33,True,,UK091120
H33,True,,UK091120
A34,True,,UK091120
B34,True,,UK091120
C34,True,,UK091120
D34,True,,UK091120
E34,True,,UK091120
F34,True,,UK091120
G34,True,,UK091120
H34,True,,UK091120
A35,True,,UK091120
B35,True,,UK091120
C35,True,,UK091120
D35,True,,UK091120
E35,True,,UK091120
F35,True,,UK091120
G35,True,,UK091120
H35,True,,UK091120
A36,True,,UK091120
B36,True,,UK091120
C36,True,,UK091120
D36,True,,UK091120
E36,True,,UK091120
F36,True,,UK091120
G36,True,,UK091120
H36,True,,UK091120
A37,True,,UK091120
B37,True,,UK091120
C37,True,,UK091120
D37,True,,UK091120
E37,True,,UK091120
F37,True,,UK091120
G37,True,,UK091120
H37,True,,UK091120
A38,True,,UK091120
B38,True,,UK091120
C38,True,,UK091120
D38,True,,UK091120
E38,True,,UK091120
F38,True,,UK091120
G38,True,,UK091120
H38,True,,UK091120
A39,True,,UK091120
B39,True,,UK091120
C39,True,,UK091120
D39,True,,UK091120
E39,True,,UK091120
F39,True,,UK091120
G39,True,,UK091120
H39,True,,UK091120
A40,True,,UK091120
B40,True,,UK091120
C40,True,,UK091120
D40,True,,UK091120
E40,True,,UK091120
F40,True,,UK091120
G40,True,,UK091120
H40,True,,UK091120
A41,True,,UK091120
B41,True,,UK091120
C41,True,,UK091120
D41,True,,UK091120
E41,True,,UK091120
F41,True,,UK091120
G41,True,,UK091120
H41,True,,UK091120
A42,True,,UK091120
B42,True,,UK091120
C42,True,,UK091120
D42,True,,UK091120
E42,True,,UK091120
F42,True,,UK091120
G42,True,,UK091120
H42,True,,UK091120
A43,True,,UK091120
B43,True,,UK091120
C43,True,,UK091120
D43,True,,UK091120
E43,True,,UK091120
F43,True,,UK091120
G43,True,,UK091120
H43,True,,UK091120
A44,True,,UK091120
B44,True,,UK091120
C44,True,,UK091120
D44,True,,UK091120
E44,True,,UK091120
F44,True,,UK091120
G44,True,,UK091120
H44,True,,UK091120
A45,True,,UK091120
B45,True,,UK091120
C45,True,,UK091120
D45,True,,UK091120
E45,True,,UK091120
F45,True,,UK091120
G45,True,,UK091120
H45,True,,UK091120
A46,True,,UK091120
B46,True,,UK091120
C46,True,,UK091120
D46,True,,UK091120
E46,True,,UK091120
F46,True,,UK091120
G46,True,,UK091120
H46,True,,UK091120
A47,True,,UK091120
B47,True,,UK091120
C47,True,,UK091120
D47,True,,UK091120
E47,True,,UK091120
F47,True,,UK091120
G47,True,,UK091120
H47,True,,UK091120
A48,True,,UK091120
B48,True,,UK091120
C48,True,,UK091120
D48,True,,UK091120
E48,True,,UK091120
F48,True,,UK091120
G48,True,,UK091120
H48,True,,UK091120
A49,True,,UK091120
B49,True,,UK091120
C49,True,,UK091120
D49,True,,UK091120
E49,True,,UK091120
F49,True,,UK091120
G49,True,,UK091120
H49,True,,UK091120
